{
    "E_lighting": 266396.23295999994,
    "Es_lighting": 1593600.0,
    "BEI_L": 0.17,
    "E_lighting_hourly": null,
    "lighting": {
        "0": {
            "building_type": "事務所等",
            "room_type": "事務室",
            "room_area": 1600.0,
            "opelationTime": 3133,
            "room_index": 2.0,
            "room_indexCoeff": 0.9,
            "unitPower": 4840.0,
            "primaryEnergy": 133198.11647999997,
            "standardEnergy": 796800.0,
            "primary_energy_per_area": 83.24882279999999,
            "energyRatio": 0.16716631084337347
        },
        "1": {
            "building_type": "事務所等",
            "room_type": "事務室",
            "room_area": 1600.0,
            "opelationTime": 3133,
            "room_index": 2.0,
            "room_indexCoeff": 0.9,
            "unitPower": 4840.0,
            "primaryEnergy": 133198.11647999997,
            "standardEnergy": 796800.0,
            "primary_energy_per_area": 83.24882279999999,
            "energyRatio": 0.16716631084337347
        }
    },
    "for_cgs": {
        "Edesign_MWh_day": [
            0.0,
            0.0,
            0.0,
            0.0,
            0.113256,
            0.113256,
            0.113256,
            0.113256,
            0.113256,
            0.0,
            0.0,
            0.0,
            0.113256,
            0.113256,
            0.113256,
            0.113256,
            0.0,
            0.0,
            0.113256,
            0.113256,
            0.113256,
            0.113256,
            0.113256,
            0.0,
            0.0,
            0.113256,
            0.113256,
            0.113256,
            0.113256,
            0.113256,
            0.0,
            0.0,
            0.113256,
            0.113256,
            0.113256,
            0.113256,
            0.113256,
            0.0,
            0.0,
            0.113256,
            0.113256,
            0.0,
            0.113256,
            0.113256,
            0.0,
            0.0,
            0.113256,
            0.113256,
            0.113256,
            0.113256,
            0.113256,
            0.0,
            0.0,
            0.113256,
            0.113256,
            0.113256,
            0.113256,
            0.113256,
            0.0,
            0.0,
            0.113256,
            0.113256,
            0.113256,
            0.113256,
            0.113256,
            0.0,
            0.0,
            0.113256,
            0.113256,
            0.113256,
            0.113256,
            0.113256,
            0.0,
            0.0,
            0.113256,
            0.113256,
            0.113256,
            0.113256,
            0.0,
            0.0,
            0.0,
            0.113256,
            0.113256,
            0.113256,
            0.113256,
            0.113256,
            0.0,
            0.0,
            0.113256,
            0.113256,
            0.113256,
            0.113256,
            0.113256,
            0.0,
            0.0,
            0.113256,
            0.113256,
            0.113256,
            0.113256,
            0.113256,
            0.0,
            0.0,
            0.113256,
            0.113256,
            0.113256,
            0.113256,
            0.113256,
            0.0,
            0.0,
            0.113256,
            0.113256,
            0.113256,
            0.113256,
            0.113256,
            0.0,
            0.0,
            0.113256,
            0.113256,
            0.0,
            0.113256,
            0.113256,
            0.0,
            0.0,
            0.0,
            0.0,
            0.0,
            0.113256,
            0.113256,
            0.0,
            0.0,
            0.113256,
            0.113256,
            0.113256,
            0.113256,
            0.113256,
            0.0,
            0.0,
            0.113256,
            0.113256,
            0.113256,
            0.113256,
            0.113256,
            0.0,
            0.0,
            0.113256,
            0.113256,
            0.113256,
            0.113256,
            0.113256,
            0.0,
            0.0,
            0.113256,
            0.113256,
            0.113256,
            0.113256,
            0.113256,
            0.0,
            0.0,
            0.113256,
            0.113256,
            0.113256,
            0.113256,
            0.113256,
            0.0,
            0.0,
            0.113256,
            0.113256,
            0.113256,
            0.113256,
            0.113256,
            0.0,
            0.0,
            0.113256,
            0.113256,
            0.113256,
            0.113256,
            0.113256,
            0.0,
            0.0,
            0.113256,
            0.113256,
            0.113256,
            0.113256,
            0.113256,
            0.0,
            0.0,
            0.113256,
            0.113256,
            0.113256,
            0.113256,
            0.113256,
            0.0,
            0.0,
            0.113256,
            0.113256,
            0.113256,
            0.113256,
            0.113256,
            0.0,
            0.0,
            0.0,
            0.113256,
            0.113256,
            0.113256,
            0.113256,
            0.0,
            0.0,
            0.113256,
            0.113256,
            0.113256,
            0.113256,
            0.113256,
            0.0,
            0.0,
            0.113256,
            0.113256,
            0.113256,
            0.113256,
            0.113256,
            0.0,
            0.0,
            0.113256,
            0.113256,
            0.113256,
            0.113256,
            0.113256,
            0.0,
            0.0,
            0.113256,
            0.113256,
            0.113256,
            0.113256,
            0.113256,
            0.0,
            0.0,
            0.113256,
            0.113256,
            0.113256,
            0.113256,
            0.113256,
            0.0,
            0.0,
            0.113256,
            0.113256,
            0.113256,
            0.113256,
            0.113256,
            0.0,
            0.0,
            0.113256,
            0.113256,
            0.113256,
            0.113256,
            0.113256,
            0.0,
            0.0,
            0.113256,
            0.113256,
            0.113256,
            0.113256,
            0.113256,
            0.0,
            0.0,
            0.0,
            0.0,
            0.0,
            0.113256,
            0.113256,
            0.0,
            0.0,
            0.113256,
            0.113256,
            0.113256,
            0.113256,
            0.113256,
            0.0,
            0.0,
            0.113256,
            0.113256,
            0.113256,
            0.113256,
            0.113256,
            0.0,
            0.0,
            0.0,
            0.113256,
            0.113256,
            0.113256,
            0.113256,
            0.0,
            0.0,
            0.113256,
            0.113256,
            0.113256,
            0.113256,
            0.113256,
            0.0,
            0.0,
            0.113256,
            0.113256,
            0.113256,
            0.113256,
            0.113256,
            0.0,
            0.0,
            0.113256,
            0.0,
            0.113256,
            0.113256,
            0.113256,
            0.0,
            0.0,
            0.113256,
            0.113256,
            0.113256,
            0.113256,
            0.113256,
            0.0,
            0.0,
            0.113256,
            0.113256,
            0.113256,
            0.113256,
            0.113256,
            0.0,
            0.0,
            0.0,
            0.113256,
            0.113256,
            0.113256,
            0.113256,
            0.0,
            0.0,
            0.113256,
            0.113256,
            0.113256,
            0.113256,
            0.113256,
            0.0,
