{
    "設計一次エネルギー消費量 [MJ]": 564003.9905963974,
    "基準一次エネルギー消費量 [MJ]": 4163661.6441860464,
    "BEI": 0.14,
    "設計一次エネルギー消費量（空調） [MJ]": 0,
    "基準一次エネルギー消費量（空調） [MJ]": 0,
    "BEI_AC": 0,
    "設計一次エネルギー消費量（換気） [MJ]": 604325.3403966348,
    "基準一次エネルギー消費量（換気） [MJ]": 3881500.0,
    "BEI_V": 0.16,
    "設計一次エネルギー消費量（照明） [MJ]": 0,
    "基準一次エネルギー消費量（照明） [MJ]": 0,
    "BEI_L": 0,
    "設計一次エネルギー消費量（給湯） [MJ]": 25391.235091965358,
    "基準一次エネルギー消費量（給湯） [MJ]": 31492.5,
    "BEI_HW": 0.81,
    "設計一次エネルギー消費量（昇降機） [MJ]": 266313.74325581396,
    "基準一次エネルギー消費量（昇降機） [MJ]": 250669.1441860465,
    "BEI_EV": 1.07,
    "その他一次エネルギー消費量 [MJ]": 0,
    "創エネルギー量（太陽光） [MJ]": 332026.3281480167,
    "創エネルギー量（コジェネ）[MJ]": 0
}