{
    "設計一次エネルギー消費量 [MJ]": 1564431.42078327,
    "基準一次エネルギー消費量 [MJ]": 2137270.1572093023,
    "BEI": 0.67,
    "設計一次エネルギー消費量（空調） [MJ]": 617041.4024248905,
    "基準一次エネルギー消費量（空調） [MJ]": 1112516.7,
    "BEI_AC": 0.56,
    "設計一次エネルギー消費量（換気） [MJ]": 12387.652266666668,
    "基準一次エネルギー消費量（換気） [MJ]": 15869.31,
    "BEI_V": 0.79,
    "設計一次エネルギー消費量（照明） [MJ]": 451183.6032319999,
    "基準一次エネルギー消費量（照明） [MJ]": 528467.4199999999,
    "BEI_L": 0.86,
    "設計一次エネルギー消費量（給湯） [MJ]": 18380.34565041049,
    "基準一次エネルギー消費量（給湯） [MJ]": 14978.31,
    "BEI_HW": 1.23,
    "設計一次エネルギー消費量（昇降機） [MJ]": 24000.237209302326,
    "基準一次エネルギー消費量（昇降機） [MJ]": 24000.237209302326,
    "BEI_EV": 1.0,
    "その他一次エネルギー消費量 [MJ]": 441438.17999999993,
    "創エネルギー量（太陽光） [MJ]": 0,
    "創エネルギー量（コジェネ）[MJ]": 0
}