{
    "設計一次エネルギー消費量[MJ]": 13264839.538100325,
    "基準一次エネルギー消費量[MJ]": 17695793.983488366,
    "設計一次エネルギー消費量（その他除き）[MJ]": 9587421.538100325,
    "基準一次エネルギー消費量（その他除き）[MJ]": 14018375.983488368,
    "BEI": 0.69,
    "設計一次エネルギー消費量（再エネ、その他除き）[MJ]": 9707428.952957835,
    "BEI（再エネ除き）": 0.7,
    "設計一次エネルギー消費量（空調）[MJ]": 6198449.757898354,
    "基準一次エネルギー消費量（空調）[MJ]": 8804507.059999999,
    "BEI_AC": 0.71,
    "設計一次エネルギー消費量（換気）[MJ]": 626738.5455418882,
    "基準一次エネルギー消費量（換気）[MJ]": 695143.3600000002,
    "BEI_V": 0.91,
    "設計一次エネルギー消費量（照明）[MJ]": 3413213.4165440006,
    "基準一次エネルギー消費量（照明）[MJ]": 4209253.209999998,
    "BEI_L": 0.82,
    "設計一次エネルギー消費量（給湯）[MJ]": 251554.41104156757,
    "基準一次エネルギー消費量（給湯）[MJ]": 138804.0,
    "BEI_HW": 1.82,
    "設計一次エネルギー消費量（昇降機）[MJ]": 170668.3534883721,
    "基準一次エネルギー消費量（昇降機）[MJ]": 170668.3534883721,
    "BEI_EV": 1.0,
    "その他一次エネルギー消費量[MJ]": 3677418.0,
    "創エネルギー量（太陽光）[MJ]": 120007.41485750972,
    "創エネルギー量（コジェネ）[MJ]": 953195.5315563476
}