{
    "システム名称": "CGS01",
    "年間運転時間": 1904.0,
    "年平均負荷率": 0.8677240752173683,
    "年間発電量": 611.2942565091315,
    "年間排熱回収量": 1822.2971620034227,
    "年間ガス消費量": 6156.238789152644,
    "年間発電効率": 35.746815528183504,
    "年間排熱回収効率": 29.600819987917443,
    "年間有効発電量": 576.6926948199354,
    "年間有効排熱回収量": 1669.7127242337956,
    "有効総合効率": 60.84569741163569,
    "年間一次エネルギー削減量(電力)": 5628.52070144257,
    "年間一次エネルギー削減量(冷房)": 695.259562355891,
    "年間一次エネルギー削減量(暖房)": 775.960255028206,
    "年間一次エネルギー削減量(給湯)": 9.69380188232644,
    "年間一次エネルギー削減量": 953.1955315563476
}