{
    "木製・樹脂製建具":{
        "単層":{
            "ku_a1": 1.531,
            "ku_a2": 2.325,
            "ku_b1": 1.888926,
            "ku_b2": 2.325,
            "kita": 0.72
        },
        "複層":{
            "ku_a1": 1.531,
            "ku_a2": 2.325,
            "ku_b1": 2.398526,
            "ku_b2": 2.325,
            "kita": 0.72
        }
    },
    "金属木複合製・金属樹脂複合製建具":{
        "単層":{
            "ku_a1": 1.853,
            "ku_a2": 2.317,
            "ku_b1": 2.026288,
            "ku_b2": 2.317,
            "kita": 0.80
        },
        "複層":{
            "ku_a1": 1.853,
            "ku_a2": 2.317,
            "ku_b1": 2.659888,
            "ku_b2": 2.317,
            "kita": 0.80
        }
    },
    "金属製建具":{
        "単層":{
            "ku_a1": 1.883,
            "ku_a2": 2.321,
            "ku_b1": 3.218862,
            "ku_b2": 2.321,
            "kita": 0.80
        },
        "複層":{
            "ku_a1": 1.883,
            "ku_a2": 2.321,
            "ku_b1": 3.498862,
            "ku_b2": 2.321,
            "kita": 0.80
        }
    }
}